{"cameraMode":{"drawMode":0,"name":"Shaded","section":"Shading Mode"},"sceneLighting":true,"audioPlay":false,"sceneViewState":{"showFog":true,"showMaterialUpdate":false,"showSkybox":true,"showFlares":true,"showImageEffects":true,"showParticleSystems":true},"in2DMode":false,"pivot":{"x":35.163719177246097,"y":-6.3011322021484379,"z":34.648826599121097},"rotation":{"x":-0.16663111746311189,"y":-0.6155849695205689,"z":0.13527359068393708,"w":-0.7582836747169495},"size":64.8215103149414,"orthographic":false}