{"cameraMode":{"drawMode":0,"name":"Shaded","section":"Shading Mode"},"sceneLighting":true,"audioPlay":false,"sceneViewState":{"showFog":true,"showMaterialUpdate":false,"showSkybox":true,"showFlares":true,"showImageEffects":true,"showParticleSystems":true},"in2DMode":false,"pivot":{"x":5.022508144378662,"y":8.682646751403809,"z":-3.9027154445648195},"rotation":{"x":-0.2331705540418625,"y":-0.6168324947357178,"z":0.1979701966047287,"w":-0.7254385352134705},"size":10.320442199707032,"orthographic":false}