{"cameraMode":{"drawMode":0,"name":"Shaded","section":"Shading Mode"},"sceneLighting":true,"audioPlay":false,"sceneViewState":{"showFog":true,"showMaterialUpdate":false,"showSkybox":true,"showFlares":true,"showImageEffects":true,"showParticleSystems":true},"in2DMode":false,"pivot":{"x":54.87213134765625,"y":-15.35869026184082,"z":64.04296875},"rotation":{"x":-0.18622519075870515,"y":-0.30074143409729006,"z":0.059735365211963657,"w":-0.9335969686508179},"size":130.99356079101563,"orthographic":false}