{"cameraMode":{"drawMode":0,"name":"Shaded","section":"Shading Mode"},"sceneLighting":true,"audioPlay":false,"sceneViewState":{"showFog":true,"showMaterialUpdate":false,"showSkybox":true,"showFlares":true,"showImageEffects":true,"showParticleSystems":true},"in2DMode":false,"pivot":{"x":-10.671737670898438,"y":-1.315865397453308,"z":-6.059658050537109},"rotation":{"x":0.16785773634910584,"y":-0.17155058681964875,"z":0.029891325160861017,"w":0.9704572558403015},"size":41.793190002441409,"orthographic":false}