{"cameraMode":{"drawMode":0,"name":"Shaded","section":"Shading Mode"},"sceneLighting":true,"audioPlay":false,"sceneViewState":{"showFog":true,"showMaterialUpdate":false,"showSkybox":true,"showFlares":true,"showImageEffects":true,"showParticleSystems":true},"in2DMode":false,"pivot":{"x":759.7987670898438,"y":499.90966796875,"z":-283.3258056640625},"rotation":{"x":-0.17046722769737245,"y":0.007977471686899662,"z":-0.0013814212288707495,"w":-0.9853299856185913},"size":276.3403015136719,"orthographic":false}