{"cameraMode":{"drawMode":0,"name":"Shaded","section":"Shading Mode"},"sceneLighting":true,"audioPlay":false,"sceneViewState":{"showFog":true,"showMaterialUpdate":false,"showSkybox":true,"showFlares":true,"showImageEffects":true,"showParticleSystems":true},"in2DMode":false,"pivot":{"x":4.303412437438965,"y":3.0261363983154299,"z":16.98451042175293},"rotation":{"x":0.04978567361831665,"y":0.012294263578951359,"z":-0.0006139543838799,"w":0.9986908435821533},"size":29.35765266418457,"orthographic":false}