{"cameraMode":{"drawMode":0,"name":"Shaded","section":"Shading Mode"},"sceneLighting":true,"audioPlay":false,"sceneViewState":{"showFog":true,"showMaterialUpdate":false,"showSkybox":true,"showFlares":true,"showImageEffects":true,"showParticleSystems":true},"in2DMode":false,"pivot":{"x":5.294713973999023,"y":2.9322962760925295,"z":0.8128156661987305},"rotation":{"x":-0.03690323606133461,"y":0.8287279605865479,"z":-0.05503355711698532,"w":-0.5557184219360352},"size":30.574438095092775,"orthographic":false}