{"cameraMode":{"drawMode":0,"name":"Shaded","section":"Shading Mode"},"sceneLighting":true,"audioPlay":false,"sceneViewState":{"showFog":true,"showMaterialUpdate":false,"showSkybox":true,"showFlares":true,"showImageEffects":true,"showParticleSystems":true},"in2DMode":false,"pivot":{"x":-2.0625734329223635,"y":2.1402602195739748,"z":0.564387321472168},"rotation":{"x":-0.07694853842258454,"y":0.9005813598632813,"z":-0.17816342413425446,"w":-0.38896000385284426},"size":43.469154357910159,"orthographic":false}