{"cameraMode":{"drawMode":0,"name":"Shaded","section":"Shading Mode"},"sceneLighting":true,"audioPlay":false,"sceneViewState":{"showFog":true,"showMaterialUpdate":false,"showSkybox":true,"showFlares":true,"showImageEffects":true,"showParticleSystems":true},"in2DMode":false,"pivot":{"x":31.010967254638673,"y":5.562311172485352,"z":-2.8883957862854006},"rotation":{"x":-0.07641932368278504,"y":-0.5503774881362915,"z":0.05065160617232323,"w":-0.8298938274383545},"size":11.460573196411133,"orthographic":false}